frame,episode,ep_return,mean100,epsilon,loss,eval_mean,eval_std,lr
140,1,0.0,0.0,0.9998628096035519,,,,0.0001
387,2,2.0,1.0,0.999620813377344,,,,0.0001
600,3,2.0,1.3333333333333333,0.9994121763647253,,,,0.0001
737,4,0.0,1.0,0.9992780060874372,,,,0.0001
903,5,1.0,1.0,0.9991154594301724,,,,0.0001
1037,6,0.0,0.8333333333333334,0.9989842667487149,,,,0.0001
1164,7,0.0,0.7142857142857143,0.9988599436415221,,,,0.0001
1299,8,0.0,0.625,0.9987278064685904,,,,0.0001
1508,9,2.0,0.7777777777777778,0.9985232737314539,,,,0.0001
1673,10,1.0,0.8,0.9983618307107037,,,,0.0001
1810,11,0.0,0.7272727272727273,0.9982278043209137,,,,0.0001
2058,12,3.0,0.9166666666666666,0.9979852339054168,,,,0.0001
2190,13,0.0,0.8461538461538461,0.9978561483743739,,,,0.0001
2320,14,0.0,0.7857142857142857,0.9977290353376117,,,,0.0001
2465,15,0.0,0.7333333333333333,0.9975872749053674,,,,0.0001
2604,16,0.0,0.6875,0.9974513997176999,,,,0.0001
2779,17,1.0,0.7058823529411765,0.9972803606891008,,,,0.0001
2914,18,0.0,0.6666666666666666,0.9971484367454743,,,,0.0001
3041,19,0.0,0.631578947368421,0.9970243467738876,,,,0.0001
3288,20,2.0,0.7,0.9967830515614199,,,,0.0001
3492,21,2.0,0.7619047619047619,0.9965838081424211,,,,0.0001
3646,22,0.0,0.7272727272727273,0.9964334258157036,,,,0.0001
3777,23,0.0,0.6956521739130435,0.9963055214148429,,,,0.0001
3909,24,0.0,0.6666666666666666,0.9961766575912155,,,,0.0001
4049,25,0.0,0.64,0.9960400024252376,,,,0.0001
4218,26,1.0,0.6538461538461539,0.9958750656023818,,,,0.0001
4417,27,1.0,0.6666666666666666,0.9956808857858596,,,,0.0001
4607,28,2.0,0.7142857142857143,0.9954955240274849,,,,0.0001
4784,29,1.0,0.7241379310344828,0.9953228765994802,,,,0.0001
4998,30,2.0,0.7666666666666667,0.9951141798352382,,,,0.0001
5171,31,1.0,0.7741935483870968,0.9949454996733813,,,,0.0001
5351,32,1.0,0.78125,0.9947700252766096,,,,0.0001
5481,33,0.0,0.7575757575757576,0.9946433134097734,,,,0.0001
5634,34,0.0,0.7352941176470589,0.9944942043899526,,,,0.0001
5763,35,0.0,0.7142857142857143,0.9943685027455167,,,,0.0001
5890,36,0.0,0.6944444444444444,0.9942447658031301,,,,0.0001
6310,37,7.0,0.8648648648648649,0.9938356689178525,,,,0.0001
6518,38,2.0,0.8947368421052632,0.9936331321632702,,,,0.0001
6699,39,1.0,0.8974358974358975,0.993456920513984,,,,0.0001
6834,40,0.0,0.875,0.9933255126999417,,,,0.0001
7092,41,3.0,0.926829268292683,0.9930744271090991,,,,0.0001
7231,42,0.0,0.9047619047619048,0.9929391791636809,,,,0.0001
7367,43,0.0,0.8837209302325582,0.9928068684326483,,,,0.0001
7498,44,0.0,0.8636363636363636,0.9926794390796885,,,,0.0001
7736,45,3.0,0.9111111111111111,0.9924479689192292,,,,0.0001
7878,46,0.0,0.8913043478260869,0.9923098911113991,,,,0.0001
8009,47,0.0,0.8723404255319149,0.9921825268582042,,,,0.0001
8138,48,0.0,0.8541666666666666,0.9920571234009363,,,,0.0001
8323,49,1.0,0.8571428571428571,0.9918773094664091,,,,0.0001
8464,50,0.0,0.84,0.9917402844262666,,,,0.0001
8632,51,1.0,0.8431372549019608,0.9915770457709139,,,,0.0001
8791,52,1.0,0.8461538461538461,0.9914225773012051,,,,0.0001
8932,53,0.0,0.8301886792452831,0.991285616373778,,,,0.0001
9171,54,3.0,0.8703703703703703,0.9910535068496575,,,,0.0001
9311,55,0.0,0.8545454545454545,0.990917568874579,,,,0.0001
9501,56,2.0,0.875,0.9907331120604451,,,,0.0001
9638,57,0.0,0.8596491228070176,0.9906001307335216,,,,0.0001
9814,58,1.0,0.8620689655172413,0.9904293201422855,,,,0.0001
9976,59,1.0,0.864406779661017,0.9902721233257084,,,,0.0001
10160,60,2.0,0.8833333333333333,0.9900936096787756,,,,0.0001
10468,61,5.0,0.9508196721311475,0.989794866855751,,,,0.0001
10736,62,3.0,0.9838709677419355,0.9895349966555959,,,,0.0001
10896,63,1.0,0.9841269841269841,0.9893798834655171,,,,0.0001
11154,64,3.0,1.015625,0.9891298157157099,,,,0.0001
11340,65,1.0,1.0153846153846153,0.9889495743329549,,,,0.0001
11548,66,2.0,1.0303030303030303,0.9887480537803577,,,,0.0001
11753,67,2.0,1.044776119402985,0.9885494807837603,,,,0.0001
11933,68,1.0,1.0441176470588236,0.9883751575667794,,,,0.0001
12068,69,0.0,1.0289855072463767,0.9882444357444294,,,,0.0001
12206,70,0.0,1.0142857142857142,0.9881108272314961,,,,0.0001
12341,71,0.0,1.0,0.9879801410913328,,,,0.0001
12475,72,0.0,0.9861111111111112,0.9878504404425642,,,,0.0001
12679,73,2.0,1.0,0.9876530190903764,,,,0.0001
12844,74,1.0,1.0,0.9874933695136788,,,,0.0001
13016,75,1.0,1.0,0.9873269749644639,,,,0.0001
13196,76,1.0,1.0,0.9871528717787271,,,,0.0001
13363,77,1.0,1.0,0.9869913707348525,,,,0.0001
13509,78,0.0,0.9871794871794872,0.9868502003004177,,,,0.0001
13639,79,0.0,0.9746835443037974,0.9867245179439088,,,,0.0001
13839,80,2.0,0.9875,0.9865311923735216,,,,0.0001
13967,81,0.0,0.9753086419753086,0.9864074842983834,,,,0.0001
14203,82,2.0,0.9878048780487805,0.9861794390424876,,,,0.0001
14442,83,3.0,1.0120481927710843,0.9859485497489262,,,,0.0001
14591,84,0.0,1.0,0.9858046341369928,,,,0.0001
14755,85,1.0,1.0,0.9856462551644251,,,,0.0001
14926,86,1.0,1.0,0.9854811437722184,,,,0.0001
15064,87,0.0,0.9885057471264368,0.9853479165672664,,,,0.0001
15232,88,1.0,0.9886363636363636,0.9851857517395101,,,,0.0001
15474,89,2.0,1.0,0.9849522050478786,,,,0.0001
15619,90,0.0,0.9888888888888889,0.9848122971217164,,,,0.0001
15889,91,3.0,1.010989010989011,0.9845518329657369,,,,0.0001
16193,92,4.0,1.0434782608695652,0.9842586537740103,,,,0.0001
16337,93,0.0,1.032258064516129,0.9841198105248208,,,,0.0001
16496,94,1.0,1.0319148936170213,0.9839665276612579,,,,0.0001
16678,95,1.0,1.0315789473684212,0.9837911017174686,,,,0.0001
16862,96,1.0,1.03125,0.9836137804688079,,,,0.0001
17023,97,1.0,1.0309278350515463,0.9834586511383985,,,,0.0001
17205,98,1.0,1.030612244897959,0.9832833176197255,,,,0.0001
17362,99,1.0,1.0303030303030303,0.9831320940102232,,,,0.0001
17517,100,1.0,1.03,0.9829828201046781,,,,0.0001
17725,101,2.0,1.05,0.9827825405078965,,,,0.0001
17905,102,1.0,1.04,0.9826092552467465,,,,0.0001
18071,103,1.0,1.03,0.982449475372472,,,,0.0001
18255,104,1.0,1.04,0.982272400960349,,,,0.0001
18443,105,1.0,1.04,0.9820915107531806,,,,0.0001
18621,106,1.0,1.05,0.981920273704816,,,,0.0001
18850,107,2.0,1.07,0.9817000191822429,,,,0.0001
18986,108,0.0,1.07,0.9815692368730328,,,,0.0001
19121,109,0.0,1.05,0.9814394337879603,,,,0.0001
19363,110,2.0,1.06,0.9812067935955823,,,,0.0001
19507,111,0.0,1.06,0.9810683897826181,,,,0.0001
19746,112,2.0,1.05,0.9808387218838672,,,,0.0001
19970,113,2.0,1.07,0.9806235181138874,,,,0.0001
20181,114,2.0,1.09,0.9804208479340212,,,,0.0001
20370,115,1.0,1.1,0.9802393455462776,,,,0.0001
20499,116,0.0,1.1,0.9801154826600301,,,,0.0001
20629,117,0.0,1.09,0.9799906757599086,,,,0.0001
20803,118,1.0,1.1,0.9798236519138224,,,,0.0001
21099,119,4.0,1.14,0.979539586156662,,,,0.0001
21305,120,2.0,1.14,0.9793419413600267,,,,0.0001
21489,121,1.0,1.13,0.9791654386815609,,,,0.0001
21646,122,1.0,1.14,0.9790148615283036,,,,0.0001
21810,123,1.0,1.15,0.9788575959871398,,,,0.0001
22053,124,2.0,1.17,0.978624621898813,,,,0.0001
22176,125,0.0,1.17,0.9785067183215382,,,,0.0001
22347,126,1.0,1.17,0.978342827685754,,,,0.0001
22544,127,2.0,1.18,0.9781540527436422,,,,0.0001
22731,128,1.0,1.17,0.9779748946875795,,,,0.0001
22890,129,1.0,1.17,0.977822588787964,,,,0.0001
23066,130,1.0,1.16,0.9776540268462233,,,,0.0001
23294,131,2.0,1.17,0.9774357066175542,,,,0.0001
23485,132,2.0,1.18,0.9772528538605845,,,,0.0001
23626,133,0.0,1.18,0.9771178907233149,,,,0.0001
23856,134,2.0,1.2,0.9768977789222759,,,,0.0001
24136,135,3.0,1.23,0.97662988505107,,,,0.0001
24328,136,2.0,1.25,0.9764462297446137,,,,0.0001
24545,137,2.0,1.2,0.9762387034301787,,,,0.0001
24723,138,1.0,1.19,0.9760685080888027,,,,0.0001
24899,139,1.0,1.19,0.9759002548380995,,,,0.0001
25037,140,0.0,1.19,0.9757683497045955,,,,0.0001
25272,141,3.0,1.19,0.9755437705315012,,,,0.0001
25474,142,2.0,1.21,0.9753507701835453,,,,0.0001
25645,143,1.0,1.22,0.9751874191687537,,,,0.0001
25773,144,0.0,1.22,0.9750651630036615,,,,0.0001
26036,145,3.0,1.22,0.9748140138933472,,,,0.0001
26194,146,1.0,1.23,0.974663165196513,,,,0.0001
26409,147,2.0,1.25,0.9744579346790669,,,,0.0001
26592,148,1.0,1.26,0.9742832848579667,,,,0.0001
26780,149,1.0,1.26,0.9741038964634509,,,,0.0001
26989,150,2.0,1.28,0.9739045095857445,,,,0.0001
27264,151,4.0,1.31,0.9736422219118166,,,,0.0001
27410,152,0.0,1.3,0.9735030003108416,,,,0.0001
27676,153,3.0,1.33,0.9732494022427973,,,,0.0001
27857,154,1.0,1.31,0.9730768797147511,,,,0.0001
28094,155,2.0,1.33,0.9728510272588319,,,,0.0001
28248,156,1.0,1.32,0.9727042994989615,,,,0.0001
28384,157,0.0,1.32,0.9725747405244396,,,,0.0001
28519,158,0.0,1.31,0.9724461516144155,,,,0.0001
28653,159,0.0,1.3,0.9723185323807788,,,,0.0001
28847,160,1.0,1.29,0.9721338005050683,,,,0.0001
29096,161,3.0,1.27,0.9718967487029166,,,,0.0001
29255,162,1.0,1.25,0.9717454091516861,,,,0.0001
29489,163,3.0,1.27,0.971522726780798,,,,0.0001
29678,164,2.0,1.26,0.9713429059790375,,,,0.0001
29854,165,1.0,1.26,0.9711754843611198,,,,0.0001
30041,166,1.0,1.25,0.9709976311753354,,,,0.0001
30276,167,3.0,1.26,0.9707741729893744,,,,0.0001
30436,168,1.0,1.26,0.9706220612909565,,,,0.0001
30691,169,3.0,1.29,0.9703796835698001,,,,0.0001
30904,170,1.0,1.3,0.9701772742545571,,,,0.0001
31071,171,1.0,1.31,0.970018607898766,,,,0.0001
31338,172,3.0,1.34,0.9697649867903817,,,,0.0001
31468,173,0.0,1.32,0.9696415253672653,,,,0.0001
31612,174,0.0,1.31,0.9695047868330233,,,,0.0001
31785,175,1.0,1.31,0.9693405367129462,,,,0.0001
31985,176,2.0,1.32,0.9691506875911486,,,,0.0001
32190,177,2.0,1.33,0.9689561316428584,,,,0.0001
32382,178,2.0,1.35,0.9687739495556231,,,,0.0001
32530,179,0.0,1.35,0.9686335414015486,,,,0.0001
32667,180,0.0,1.33,0.9685035875084215,,,,0.0001
32822,181,1.0,1.34,0.9683565808456683,,,,0.0001
33009,182,1.0,1.33,0.9681792547455573,,,,0.0001
33144,183,0.0,1.3,0.9680512591860613,,,,0.0001
33418,184,4.0,1.34,0.9677915287257423,,,,0.0001
33553,185,0.0,1.33,0.9676635855057261,,,,0.0001
33687,186,0.0,1.32,0.9675366070930119,,,,0.0001
33875,187,1.0,1.33,0.9673584869546961,,,,0.0001
34029,188,1.0,1.33,0.9672126049809053,,,,0.0001
34213,189,2.0,1.33,0.9670383338950205,,,,0.0001
34446,190,2.0,1.35,0.9668176996681085,,,,0.0001
34582,191,0.0,1.32,0.9666889412167268,,,,0.0001
34845,192,3.0,1.31,0.9664399947630803,,,,0.0001
35032,193,1.0,1.32,0.9662630270310584,,,,0.0001
35225,194,2.0,1.33,0.9660804158893833,,,,0.0001
35374,195,0.0,1.32,0.9659394604088599,,,,0.0001
35630,196,3.0,1.34,0.9656973309008946,,,,0.0001
35790,197,1.0,1.34,0.9655460314322307,,,,0.0001
36035,198,2.0,1.35,0.9653144010304127,,,,0.0001
36168,199,0.0,1.34,0.9651886825755381,,,,0.0001
36370,200,2.0,1.35,0.9649977737440991,,,,0.0001
36511,201,0.0,1.33,0.96486453845131,,,,0.0001
36659,202,0.0,1.32,0.9647247088472652,,,,0.0001
36865,203,2.0,1.33,0.9645301156010352,,,,0.0001
37001,204,0.0,1.32,0.9644016682399319,,,,0.0001
37203,205,2.0,1.33,0.964210918369333,,,,0.0001
37390,206,1.0,1.33,0.9640343674356248,,,,0.0001
37668,207,4.0,1.35,0.9637719623574735,,,,0.0001
37876,208,2.0,1.37,0.9635756782035627,,,,0.0001
38034,209,1.0,1.38,0.963426605023498,,,,0.0001
38219,210,1.0,1.37,0.9632520872449609,,,,0.0001
38472,211,3.0,1.4,0.9630134746526536,,,,0.0001
38633,212,1.0,1.39,0.9628616617045048,,,,0.0001
38813,213,1.0,1.38,0.9626919618788405,,,,0.0001
38989,214,1.0,1.37,0.9625260626931064,,,,0.0001
39122,215,0.0,1.36,0.9624007150625704,,,,0.0001
39316,216,1.0,1.37,0.9622179070567982,,,,0.0001
39546,217,3.0,1.4,0.9620012218579282,,,,0.0001
39734,218,1.0,1.4,0.9618241422742214,,,,0.0001
39889,219,1.0,1.37,0.9616781708452469,,,,0.0001
40085,220,2.0,1.37,0.9614936200103339,,,,0.0001
40220,221,0.0,1.36,0.961366526950607,,,,0.0001
40477,222,3.0,1.38,0.9611246268386765,,,,0.0001
40669,223,1.0,1.38,0.9609439482560225,,,,0.0001
40895,224,2.0,1.38,0.960731318951733,,,,0.0001
41064,225,1.0,1.39,0.9605723487921869,,,,0.0001
41239,226,1.0,1.39,0.9604077630328223,,,,0.0001
41485,227,3.0,1.4,0.9601764511756411,,,,0.0001
41622,228,0.0,1.39,0.9600476558245131,,,,0.0001
41785,229,1.0,1.39,0.9598944405439983,,,,0.0001
41942,230,1.0,1.39,0.9597468886999557,,,,0.0001
42086,231,0.0,1.37,0.9596115748908111,,,,0.0001
42360,232,3.0,1.38,0.959354156587209,,,,0.0001
42499,233,0.0,1.38,0.9592235954336539,,,,0.0001
42705,234,2.0,1.38,0.9590301353000724,,,,0.0001
42881,235,1.0,1.36,0.9588648805391051,,,,0.0001
43064,236,1.0,1.35,0.9586930839858305,,,,0.0001
43302,237,2.0,1.35,0.9584697016153984,,,,0.0001
43481,238,1.0,1.35,0.9583017305726661,,,,0.0001
43787,239,4.0,1.38,0.9580146541680408,,,,0.0001
43921,240,0.0,1.38,0.9578889686255017,,,,0.0001
44056,241,0.0,1.35,0.9577623621608659,,,,0.0001
44343,242,4.0,1.37,0.9574932629805053,,,,0.0001
44499,243,1.0,1.37,0.9573470254383051,,,,0.0001
44694,244,1.0,1.38,0.9571642605884967,,,,0.0001
44945,245,3.0,1.38,0.9569290618777619,,,,0.0001
45132,246,1.0,1.38,0.956753872523906,,,,0.0001
45295,247,1.0,1.37,0.9566011940863152,,,,0.0001
45431,248,0.0,1.36,0.9564738249852147,,,,0.0001
45606,249,1.0,1.36,0.9563099564047614,,,,0.0001
45827,250,2.0,1.36,0.9561030547678688,,,,0.0001
46006,251,1.0,1.33,0.9559355073170095,,,,0.0001
46185,252,1.0,1.34,0.95576798985446,,,,0.0001
46327,253,0.0,1.31,0.955635120233867,,,,0.0001
46507,254,1.0,1.31,0.9554667210686045,,,,0.0001
46757,255,2.0,1.31,0.9552328836192364,,,,0.0001
46883,256,0.0,1.3,0.9551150516994672,,,,0.0001
47096,257,2.0,1.32,0.9549158934045666,,,,0.0001
47325,258,3.0,1.35,0.954701822177068,,,,0.0001
47501,259,0.0,1.35,0.9545373291321774,,,,0.0001
47715,260,2.0,1.36,0.9543373595412525,,,,0.0001
47848,261,0.0,1.33,0.9542131009358139,,,,0.0001
48072,262,2.0,1.34,0.9540038606369926,,,,0.0001
48315,263,3.0,1.34,0.9537769252726214,,,,0.0001
48467,264,0.0,1.32,0.9536350019664245,,,,0.0001
48678,265,2.0,1.33,0.9534380257627297,,,,0.0001
48922,266,3.0,1.35,0.9532102946687669,,,,0.0001
49116,267,2.0,1.34,0.953029269431617,,,,0.0001
49285,268,1.0,1.34,0.952871600808457,,,,0.0001
49536,269,3.0,1.34,0.9526374794201175,,,,0.0001
49787,270,3.0,1.36,0.9524034167888721,,,,0.0001
49970,271,1.0,1.36,0.9522328025752764,,,,0.0001
50143,272,1.0,1.34,0.9520715402500243,,,,0.0001
50376,273,3.0,1.37,0.951854392879797,,,,0.0001
50573,274,2.0,1.39,0.9516708356453809,,,,0.0001
50741,275,1.0,1.39,0.9515143280919951,,,,0.0001
50891,276,0.0,1.37,0.9513746114217936,,,,0.0001
51088,277,1.0,1.36,0.9511911486950154,,,,0.0001
51294,278,2.0,1.36,0.9509993430750413,,,,0.0001
51421,279,0.0,1.36,0.9508811136661971,,,,0.0001
51552,280,0.0,1.36,0.9507591762273835,,,,0.0001
51695,281,0.0,1.35,0.9506260871812766,,,,0.0001
51933,282,3.0,1.37,0.9504046245276285,,,,0.0001
52069,283,0.0,1.37,0.9502780981026848,,,,0.0001
52203,284,0.0,1.33,0.9501534491892027,,,,0.0001
52425,285,2.0,1.35,0.949946978042628,,,,0.0001
52612,286,2.0,1.37,0.9497730942163785,,,,0.0001
52784,287,1.0,1.37,0.9496131869965884,,,,0.0001
52947,288,1.0,1.37,0.9494616723958834,,,,0.0001
53079,289,0.0,1.35,0.9493389915522409,,,,0.0001
53225,290,0.0,1.33,0.9492033179638871,,,,0.0001
53433,291,2.0,1.35,0.9490100637728833,,,,0.0001
53678,292,3.0,1.35,0.9487824841868966,,,,0.0001
53859,293,1.0,1.35,0.9486143897702625,,,,0.0001
54083,294,2.0,1.35,0.9484064034422923,,,,0.0001
54277,295,2.0,1.37,0.9482263100696465,,,,0.0001
54448,296,1.0,1.35,0.9480675969409839,,,,0.0001
54640,297,1.0,1.35,0.9478894250674184,,,,0.0001
54807,298,1.0,1.34,0.947734480471666,,,,0.0001
54958,299,0.0,1.34,0.9475944031412193,,,,0.0001
55152,300,1.0,1.33,0.9474144672813527,,,,0.0001
55469,301,5.0,1.38,0.9471205234877772,,,,0.0001
55601,302,0.0,1.38,0.9469981516553955,,,,0.0001
55744,303,0.0,1.36,0.9468656003973497,,,,0.0001
55877,304,0.0,1.36,0.9467423354697961,,,,0.0001
56129,305,2.0,1.36,0.9465088258247087,,,,0.0001
56257,306,0.0,1.35,0.9463902402846397,,,,0.0001
56433,307,1.0,1.32,0.9462272099494399,,,,0.0001
56761,308,4.0,1.34,0.9459234572427436,,,,0.0001
56947,309,1.0,1.34,0.9457512514953275,,,,0.0001
57175,310,2.0,1.35,0.9455402042702844,,,,0.0001
57349,311,1.0,1.33,0.9453791742847564,,,,0.0001
57556,312,2.0,1.34,0.9451876406200977,,,,0.0001
57851,313,4.0,1.37,0.9449147505193836,,,,0.0001
58013,314,1.0,1.37,0.9447649264658755,,,,0.0001
58246,315,2.0,1.39,0.944549481338341,,,,0.0001
58409,316,1.0,1.39,0.9443987920543931,,,,0.0001
58569,317,1.0,1.37,0.9442509000793379,,,,0.0001
58745,318,1.0,1.37,0.9440882462348822,,,,0.0001
58953,319,2.0,1.38,0.9438960558681564,,,,0.0001
59079,320,0.0,1.36,0.9437796522986959,,,,0.0001
59216,321,0.0,1.36,0.9436531031551452,,,,0.0001
59560,322,5.0,1.38,0.9433354211321006,,,,0.0001
59701,323,0.0,1.37,0.9432052400157053,,,,0.0001
59861,324,1.0,1.36,0.9430575389936996,,,,0.0001
60022,325,1.0,1.36,0.9429089386925669,,,,0.0001
60147,326,0.0,1.35,0.942793582285156,,,,0.0001
60282,327,0.0,1.32,0.9426690135601256,,,,0.0001
60420,328,0.0,1.32,0.9425416940215046,,,,0.0001
60608,329,2.0,1.33,0.9423682724851636,,,,0.0001
60805,330,2.0,1.34,0.9421865838324041,,,,0.0001
60941,331,0.0,1.34,0.9420611749849978,,,,0.0001
61164,332,3.0,1.34,0.941855578267862,,,,0.0001
61372,333,2.0,1.36,0.9416638522477797,,,,0.0001
61498,334,0.0,1.34,0.9415477299182567,,,,0.0001
61643,335,0.0,1.33,0.941414115184721,,,,0.0001
61799,336,1.0,1.33,0.9412703857939361,,,,0.0001
61942,337,0.0,1.31,0.9411386535478476,,,,0.0001
62109,338,1.0,1.31,0.9409848362368082,,,,0.0001
62268,339,1.0,1.28,0.9408384112889383,,,,0.0001
62517,340,3.0,1.31,0.9406091510686093,,,,0.0001
62681,341,1.0,1.32,0.9404581835475092,,,,0.0001
62888,342,2.0,1.3,0.9402676684225106,,,,0.0001
63093,343,2.0,1.31,0.940079032886287,,,,0.0001
63231,344,0.0,1.3,0.9399520707403383,,,,0.0001
63522,345,4.0,1.31,0.9396844036352054,,,,0.0001
63671,346,0.0,1.3,0.9395473808675135,,,,0.0001
63912,347,3.0,1.32,0.939325796650695,,,,0.0001
64089,348,1.0,1.33,0.9391630903846172,,,,0.0001
64385,349,4.0,1.36,0.9388910583725874,,,,0.0001
64591,350,2.0,1.36,0.9387017863102544,,,,0.0001
64753,351,1.0,1.36,0.938552968675426,,,,0.0001
65022,352,3.0,1.38,0.9383059111575783,,,,0.0001
65260,353,3.0,1.41,0.9380873803569195,,,,0.0001
65446,354,2.0,1.42,0.9379166319842641,,,,0.0001
65741,355,3.0,1.43,0.937645886514749,,,,0.0001
65928,356,1.0,1.44,0.9374743027775501,,,,0.0001
66054,357,0.0,1.42,0.9373587082980053,,,,0.0001
66241,358,1.0,1.4,0.9371871782581122,,,,0.0001
66404,359,1.0,1.41,0.9370376889317672,,,,0.0001
66571,360,1.0,1.4,0.9368845564246358,,,,0.0001
66763,361,2.0,1.42,0.9367085314887369,,,,0.0001
66968,362,2.0,1.42,0.9365206255008035,,,,0.0001
67185,363,2.0,1.41,0.9363217621025289,,,,0.0001
67373,364,2.0,1.43,0.9361495098034771,,,,0.0001
67617,365,3.0,1.44,0.9359259965928056,,,,0.0001
67895,366,3.0,1.44,0.9356714045556856,,,,0.0001
68029,367,0.0,1.42,0.9355487128080059,,,,0.0001
68248,368,2.0,1.43,0.9353482295936142,,,,0.0001
68403,369,0.0,1.4,0.9352063616130797,,,,0.0001
68613,370,2.0,1.39,0.9350141884560287,,,,0.0001
68850,371,3.0,1.41,0.9347973557890505,,,,0.0001
68978,372,0.0,1.4,0.9346802692212098,,,,0.0001
69112,373,0.0,1.37,0.9345577102767668,,,,0.0001
69334,374,2.0,1.37,0.9343547009999489,,,,0.0001
69492,375,1.0,1.37,0.9342102443695651,,,,0.0001
69781,376,3.0,1.4,0.9339460757831418,,,,0.0001
69917,377,0.0,1.39,0.9338217875686254,,,,0.0001
70102,378,2.0,1.39,0.9336527461747363,,,,0.0001
70278,379,1.0,1.4,0.9334919574412331,,,,0.0001
70560,380,4.0,1.44,0.9332343890280879,,,,0.0001
70837,381,3.0,1.47,0.932981458134873,,,,0.0001
71024,382,1.0,1.45,0.9328107465642311,,,,0.0001
71318,383,4.0,1.49,0.9325424196507303,,,,0.0001
71449,384,0.0,1.49,0.9324228844234843,,,,0.0001
71749,385,5.0,1.52,0.9321491986130815,,,,0.0001
71952,386,2.0,1.52,0.9319640511188696,,,,0.0001
72266,387,4.0,1.55,0.9316777393601168,,,,0.0001
72547,388,3.0,1.57,0.9314215939054784,,,,0.0001
72764,389,2.0,1.59,0.9312238368770146,,,,0.0001
72933,390,1.0,1.6,0.9310698530605813,,,,0.0001
73119,391,1.0,1.59,0.9309004098266214,,,,0.0001
73252,392,0.0,1.56,0.9307792681282159,,,,0.0001
73438,393,1.0,1.56,0.930609878938027,,,,0.0001
73745,394,4.0,1.58,0.9303303646128374,,,,0.0001
73925,395,1.0,1.57,0.9301665198936742,,,,0.0001
74093,396,1.0,1.57,0.9300136247618827,,,,0.0001
74303,397,2.0,1.58,0.9298225419650786,,,,0.0001
74438,398,0.0,1.57,0.9296997242122982,,,,0.0001
74583,399,0.0,1.57,0.9295678273150435,,,,0.0001
74717,400,0.0,1.56,0.9294459533919185,,,,0.0001
74915,401,2.0,1.53,0.9292659009189299,,,,0.0001
75124,402,2.0,1.55,0.9290758842030763,,,,0.0001
75316,403,2.0,1.57,0.9289013583883238,,,,0.0001
75525,404,2.0,1.59,0.9287114178538979,,,,0.0001
75662,405,0.0,1.57,0.9285869329170647,,,,0.0001
75789,406,0.0,1.57,0.9284715497035734,,,,0.0001
76013,407,3.0,1.59,0.9282680748664723,,,,0.0001
76183,408,1.0,1.56,0.9281136824174749,,,,0.0001
76523,409,5.0,1.6,0.9278049762484757,,,,0.0001
76719,410,1.0,1.59,0.9276270639091099,,,,0.0001
76927,411,2.0,1.6,0.9274382971122441,,,,0.0001
77186,412,3.0,1.61,0.9272033010265988,,,,0.0001
77375,413,1.0,1.58,0.9270318558047885,,,,0.0001
77611,414,3.0,1.6,0.9268178215438548,,,,0.0001
77868,415,3.0,1.61,0.9265847993083579,,,,0.0001
78068,416,2.0,1.62,0.9264035004789836,,,,0.0001
78315,417,3.0,1.64,0.9261796464614744,,,,0.0001
78507,418,2.0,1.65,0.9260056766709882,,,,0.0001
78768,419,3.0,1.66,0.9257692400456988,,,,0.0001
78896,420,0.0,1.66,0.925653309002718,,,,0.0001
79047,421,1.0,1.67,0.9255165656774396,,,,0.0001
79202,422,0.0,1.62,0.9253762214867153,,,,0.0001
79365,423,1.0,1.63,0.9252286571894299,,,,0.0001
79581,424,2.0,1.64,0.9250331489151308,,,,0.0001
79768,425,2.0,1.65,0.9248639235393494,,,,0.0001
79940,426,1.0,1.66,0.9247083003284805,,,,0.0001
80073,427,0.0,1.66,0.9245879821258746,0.00011227276991121471,,,0.0001
80208,428,0.0,1.66,0.9244658709909745,0.015592116862535477,,,0.0001
80444,429,3.0,1.67,0.924252442231005,2.297049286426045e-05,,,0.0001
80573,430,0.0,1.65,0.9241358011894661,1.499528116255533e-05,,,0.0001
80876,431,4.0,1.69,0.923861889541416,7.812904186721426e-06,,,0.0001
81051,432,1.0,1.67,0.9237037275503241,4.014872502011713e-06,,,0.0001
81259,433,2.0,1.67,0.9235157767225574,0.004637682344764471,,,0.0001
81473,434,2.0,1.69,0.9233224450335673,0.004961659666150808,,,0.0001
81607,435,0.0,1.69,0.9232014079355995,0.00014373032900039107,,,0.0001
81794,436,2.0,1.7,0.9230325250633562,8.172428351826966e-05,,,0.0001
82027,437,3.0,1.73,0.9228221429954792,0.003913061693310738,,,0.0001
82207,438,1.0,1.73,0.9226596496345811,0.004171729553490877,,,0.0001
82439,439,3.0,1.75,0.922450256886364,0.009131650440394878,,,0.0001
82565,440,0.0,1.72,0.9223365553173456,0.00021547055803239346,,,0.0001
82716,441,0.0,1.71,0.9222003127840628,0.012685338035225868,,,0.0001
82935,442,2.0,1.71,0.9220027525491984,0.0051947543397545815,,,0.0001
83062,443,0.0,1.69,0.9218882054735179,0.0020237425342202187,,,0.0001
83275,444,2.0,1.71,0.9216961237431825,0.003960092086344957,,,0.0001
83403,445,0.0,1.67,0.921580714025723,0.016999902203679085,,,0.0001
83608,446,2.0,1.69,0.9213959089225179,0.003400095272809267,,,0.0001
83821,447,2.0,1.68,0.9212039320401811,0.009623285382986069,,,0.0001
84027,448,2.0,1.69,0.921018303150613,0.0038667279295623302,,,0.0001
84192,449,1.0,1.66,0.9208696473950302,0.004811350721865892,,,0.0001
84324,450,0.0,1.64,0.9207507404496051,0.0022933511063456535,,,0.0001
84450,451,0.0,1.63,0.9206372530061676,0.005049298983067274,,,0.0001
84612,452,1.0,1.61,0.9204913615887045,0.0053800977766513824,,,0.0001
84797,453,2.0,1.6,0.9203247860955188,0.0030772441532462835,,,0.0001
84961,454,0.0,1.58,0.920177144937505,0.0029200101271271706,,,0.0001
85097,455,0.0,1.55,0.9200547291702543,0.003520441707223654,,,0.0001
85258,456,1.0,1.55,0.9199098320233913,0.004972716793417931,,,0.0001
85400,457,0.0,1.55,0.9197820538997054,0.0007290898356586695,,,0.0001
85532,458,0.0,1.54,0.9196632905071469,0.0006036494160071015,,,0.0001
85672,459,0.0,1.53,0.9195373464627647,0.0006136943702585995,,,0.0001
85834,460,1.0,1.53,0.9193916332157296,0.004853830672800541,,,0.0001
85969,461,0.0,1.51,0.9192702235405827,0.005573852453380823,,,0.0001
86159,462,2.0,1.51,0.9190993784289097,0.002942814724519849,,,0.0001
86295,463,0.0,1.49,0.9189771092279375,0.0012737868819385767,,,0.0001
86506,464,2.0,1.49,0.9187874450681629,0.0014715035213157535,,,0.0001
86647,465,0.0,1.46,0.9186607249723849,0.002530112164095044,,,0.0001
86825,466,1.0,1.44,0.9185007775990786,0.0009106575744226575,,,0.0001
86985,467,1.0,1.45,0.9183570289748592,0.0006976048462092876,,,0.0001
87283,468,4.0,1.47,0.9180893584651115,0.002106164116412401,,,0.0001
87495,469,2.0,1.49,0.9178989837015549,0.0018679228378459811,,,0.0001
87756,470,3.0,1.5,0.9176646626470365,0.0019776371773332357,,,0.0001
87906,471,0.0,1.47,0.9175300230458621,0.0017755756853148341,,,0.0001
88037,472,0.0,1.47,0.9174124543137631,0.003645505290478468,,,0.0001
88208,473,1.0,1.48,0.9172590099039464,0.0028488661628216505,,,0.0001
88402,474,1.0,1.47,0.9170849585395533,0.0058995261788368225,,,0.0001
88556,475,1.0,1.47,0.9169468180930256,0.0033240376506000757,,,0.0001
88761,476,2.0,1.46,0.9167629628411237,0.008750269189476967,,,0.0001
88948,477,2.0,1.48,0.9165952838455471,0.0040192268788814545,,,0.0001
89073,478,0.0,1.46,0.9164832164394252,0.0015510814264416695,,,0.0001
89205,479,0.0,1.45,0.9163648884646733,0.001646170043386519,,,0.0001
89394,480,1.0,1.42,0.91619549150927,0.0007747545605525374,,,0.0001
89656,481,3.0,1.42,0.9159607190470302,0.0030887024477124214,,,0.0001
89861,482,2.0,1.43,0.9157770659247138,0.0028731320053339005,,,0.0001
90064,483,2.0,1.41,0.9155952416361207,0.0010909333359450102,,,0.0001
90294,484,2.0,1.43,0.9153892784172225,0.004335121251642704,,,0.0001
90475,485,1.0,1.39,0.9152272276238682,0.005824727937579155,,,0.0001
90603,486,0.0,1.37,0.9151126458721209,0.0025260825641453266,,,0.0001
90838,487,2.0,1.35,0.914902319114703,0.0007699324050918221,,,0.0001
90977,488,0.0,1.32,0.9147779363371492,0.002694811439141631,,,0.0001
91184,489,2.0,1.32,0.9145927364731747,0.002864519599825144,,,0.0001
91323,490,0.0,1.31,0.9144683967246177,0.0011147954501211643,,,0.0001
91459,491,0.0,1.3,0.9143467572943319,0.002271384932100773,,,0.0001
91694,492,3.0,1.33,0.9141366104995832,0.005540809594094753,,,0.0001
91899,493,2.0,1.34,0.9139533312811925,0.0011641676537692547,,,0.0001
92102,494,2.0,1.32,0.9137718771731576,0.0017322066705673933,,,0.0001
92236,495,0.0,1.31,0.9136521197655418,0.0007116630440577865,,,0.0001
92365,496,0.0,1.3,0.9135368460774048,0.003770780749619007,,,0.0001
92539,497,1.0,1.29,0.9133813841917637,0.0007775991107337177,,,0.0001
92710,498,1.0,1.3,0.9132286290360049,0.0022935066372156143,,,0.0001
92938,499,2.0,1.32,0.9130249961236188,0.0023835529573261738,,,0.0001
93141,500,2.0,1.34,0.9128437304484943,0.0024109429214149714,,,0.0001
93371,501,2.0,1.34,0.9126384000043973,0.0007976375054568052,,,0.0001
93568,502,2.0,1.34,0.9124625675596609,0.00397663377225399,,,0.0001
93723,503,0.0,1.32,0.9123242465818419,0.0020048674196004868,,,0.0001
93933,504,2.0,1.32,0.9121368781644321,0.001062044408172369,,,0.0001
94146,505,2.0,1.34,0.9119468732456254,0.00078284100163728,,,0.0001
94416,506,4.0,1.38,0.9117060800983867,0.00219570379704237,,,0.0001
94550,507,0.0,1.35,0.9115865994890331,0.001909544225782156,,,0.0001
94733,508,1.0,1.35,0.9114234540695878,0.002807352691888809,,,0.0001
94868,509,0.0,1.3,0.9113031200260191,0.0037885038182139397,,,0.0001
95027,510,1.0,1.3,0.911161414095855,0.0014429142465814948,,,0.0001
95165,511,0.0,1.28,0.9110384423059584,0.002143796533346176,,,0.0001
95338,512,1.0,1.26,0.9108843059886154,0.001966955838724971,,,0.0001
95627,513,4.0,1.29,0.910626877624375,0.001662842696532607,,,0.0001
95978,514,5.0,1.31,0.9103143224469713,0.003843187354505062,,,0.0001
96111,515,0.0,1.28,0.9101959185161218,0.0017116408562287688,,,0.0001
96328,516,2.0,1.28,0.9100027669595057,0.0014155847020447254,,,0.0001
96471,517,0.0,1.25,0.9098755056632299,0.0022633112967014313,,,0.0001
96665,518,2.0,1.25,0.9097028865597259,0.0022352226078510284,,,0.0001
96849,519,1.0,1.23,0.9095391962885655,0.002258898923173547,,,0.0001
97105,520,3.0,1.26,0.9093115034002489,0.002351183444261551,,,0.0001
97321,521,2.0,1.27,0.9091194328598796,0.0022358389105647802,,,0.0001
97580,522,4.0,1.31,0.9088891807457048,0.003730964381247759,,,0.0001
97719,523,0.0,1.3,0.9087656337362973,0.0023256768472492695,,,0.0001
97856,524,0.0,1.28,0.9086438811847156,0.003215375356376171,,,0.0001
98091,525,2.0,1.28,0.9084350744083943,0.0022498485632240772,,,0.0001
98264,526,1.0,1.28,0.9082813884347417,0.0011488322634249926,,,0.0001
98457,527,2.0,1.3,0.9081099666695063,0.001092423452064395,,,0.0001
98696,528,3.0,1.33,0.9078977337503162,0.001929727615788579,,,0.0001
98849,529,1.0,1.31,0.9077618957889215,0.0018847184255719185,,,0.0001
99039,530,2.0,1.33,0.907593237051809,0.0019183254335075617,,,0.0001
99167,531,0.0,1.29,0.90747963238832,0.0033655697479844093,,,0.0001
99489,532,4.0,1.32,0.9071939099504722,0.0037794671952724457,,,0.0001
99662,533,1.0,1.31,0.9070404386796985,0.0022339290007948875,,,0.0001
99792,534,0.0,1.29,0.906925130917837,0.010269716382026672,,,0.0001
99994,535,2.0,1.31,0.9067459901352198,0.006368109956383705,,,0.0001
100148,536,1.0,1.3,0.9066094417672331,0.0028662453405559063,,,0.0001
100409,537,3.0,1.3,0.9063780668986657,0.004752407316118479,,,0.0001
100568,538,1.0,1.3,0.906237143989697,0.004291930701583624,,,0.0001
100916,539,5.0,1.32,0.9059287871207957,0.0026664799079298973,,,0.0001
101104,540,2.0,1.34,0.9057622481639694,0.004038461018353701,,,0.0001
101318,541,2.0,1.36,0.9055727153235996,0.005962187424302101,,,0.0001
101490,542,1.0,1.35,0.9054204099152046,0.0030447160825133324,,,0.0001
101627,543,0.0,1.35,0.9052991156278946,0.002736999886110425,,,0.0001
101811,544,1.0,1.34,0.9051362355760434,0.005924580618739128,,,0.0001
101938,545,0.0,1.34,0.9050238304120042,0.003983485046774149,,,0.0001
102144,546,2.0,1.34,0.9048415342800856,0.0035511241294443607,,,0.0001
102277,547,0.0,1.32,0.9047238581816603,0.003042747965082526,,,0.0001
102437,548,1.0,1.31,0.9045823136882127,0.004454424604773521,,,0.0001
102623,549,1.0,1.31,0.9044177966784229,0.002389230765402317,,,0.0001
102779,550,1.0,1.32,0.9042798382631771,0.0027867318131029606,,,0.0001
103019,551,3.0,1.35,0.9040676365672161,0.006452120840549469,,,0.0001
103200,552,1.0,1.35,0.9039076348055937,0.006565695628523827,,,0.0001
103332,553,0.0,1.33,0.9037909666980639,0.0034445328637957573,,,0.0001
103466,554,0.0,1.33,0.9036725466428472,0.007155276369303465,,,0.0001
103715,555,3.0,1.36,0.9034525395707504,0.0020149610936641693,,,0.0001
103940,556,2.0,1.37,0.9032537851100623,0.0075154658406972885,,,0.0001
104193,557,3.0,1.4,0.9030303501681414,0.003009771928191185,,,0.0001
104324,558,0.0,1.4,0.9029146807687805,0.005180268548429012,,,0.0001
104497,559,1.0,1.41,0.9027619497406223,0.0032324218191206455,,,0.0001
104825,560,5.0,1.45,0.9024724513014468,0.003851820481941104,,,0.0001
105032,561,2.0,1.47,0.902289798409254,0.004129904322326183,,,0.0001
105168,562,0.0,1.45,0.9021698151557166,0.003606043756008148,,,0.0001
105388,563,2.0,1.47,0.9019757591433263,0.001958912704139948,,,0.0001
105609,564,2.0,1.47,0.9017808640372582,0.00304210651665926,,,0.0001
105774,565,1.0,1.48,0.9016353821972738,0.003094374667853117,,,0.0001
105900,566,0.0,1.47,0.9015243031372447,0.005195152014493942,,,0.0001
106217,567,4.0,1.5,0.9012449042202182,0.004156013950705528,,,0.0001
106440,568,2.0,1.48,0.9010484085166625,0.009538769721984863,,,0.0001
106587,569,0.0,1.46,0.9009189039194315,0.008695446886122227,,,0.0001
106817,570,3.0,1.46,0.9007163158700487,0.0017908995505422354,,,0.0001
106976,571,1.0,1.47,0.90057629310793,0.0039328355342149734,,,0.0001
107169,572,2.0,1.49,0.9004063582825983,0.004558008164167404,,,0.0001
107374,573,2.0,1.5,0.900225893477425,0.0029739770106971264,,,0.0001
107529,574,1.0,1.5,0.9000894690371032,0.003925587981939316,,,0.0001
107736,575,2.0,1.51,0.8999073093711885,0.007730698678642511,,,0.0001
107862,576,0.0,1.49,0.8997964480346186,0.004004284739494324,,,0.0001
108028,577,1.0,1.48,0.8996504139454096,0.006106707267463207,,,0.0001
108157,578,0.0,1.48,0.899536946360827,0.0016722860746085644,,,0.0001
108436,579,4.0,1.52,0.8992915897816268,0.0025836527347564697,,,0.0001
108566,580,0.0,1.51,0.8991772893046472,0.0006808547768741846,,,0.0001
108816,581,3.0,1.51,0.8989575224543219,0.011882281862199306,,,0.0001
109114,582,4.0,1.53,0.898695632136226,0.001925384160131216,,,0.0001
109348,583,3.0,1.54,0.8984900414133588,0.0036407788284122944,,,0.0001
109575,584,2.0,1.54,0.8982906468061022,0.0011220254236832261,,,0.0001
109813,585,3.0,1.56,0.8980816385051367,0.0036017000675201416,,,0.0001
109967,586,1.0,1.57,0.8979464243445645,0.0044150520116090775,,,0.0001
110120,587,1.0,1.56,0.8978121088170397,0.0031745668966323137,,,0.0001
110257,588,0.0,1.56,0.8976918567955833,0.005973404739052057,,,0.0001
110479,589,2.0,1.56,0.897497030829857,0.005033435299992561,,,0.0001
110638,590,1.0,1.57,0.8973575198933684,0.0036401888355612755,,,0.0001
111079,591,7.0,1.64,0.8969706905292395,0.0027413680218160152,,,0.0001
111305,592,2.0,1.63,0.8967725175475703,0.0027572824619710445,,,0.0001
111535,593,3.0,1.64,0.8965708830573895,0.0010516075417399406,,,0.0001
111704,594,1.0,1.63,0.8964227550953182,0.0020391326397657394,,,0.0001
111866,595,1.0,1.64,0.8962807861087911,0.008953382261097431,,,0.0001
112043,596,1.0,1.65,0.8961256981353405,0.0030875103548169136,,,0.0001
112275,597,2.0,1.66,0.8959224605498446,0.0034435587003827095,,,0.0001
112493,598,3.0,1.68,0.8957315302656019,0.00321274995803833,,,0.0001
112710,599,3.0,1.69,0.895541517140704,0.007869644090533257,,,0.0001
112918,600,2.0,1.69,0.8953594234435396,0.00232890248298645,,,0.0001
113184,601,4.0,1.71,0.8951266088026237,0.010535717010498047,,,0.0001
113434,602,3.0,1.72,0.8949078544958508,0.0038877655752003193,,,0.0001
113633,603,2.0,1.74,0.8947337651552699,0.008677786216139793,,,0.0001
113918,604,4.0,1.76,0.894484501553951,0.004354801960289478,,,0.0001
114046,605,0.0,1.74,0.8943725747012236,0.004184907302260399,,,0.0001
114177,606,0.0,1.7,0.894258039396164,0.004564001690596342,,,0.0001
114318,607,0.0,1.7,0.8941347777027627,0.006739729084074497,,,0.0001
114461,608,0.0,1.69,0.8940097853667162,0.004058798775076866,,,0.0001
114795,609,4.0,1.73,0.8937179148434944,0.004414793103933334,,,0.0001
114950,610,1.0,1.73,0.8935824990616879,0.01135467179119587,,,0.0001
115157,611,2.0,1.75,0.893401686199159,0.005431996658444405,,,0.0001
115290,612,0.0,1.74,0.8932855314993533,0.004300269298255444,,,0.0001
115508,613,2.0,1.72,0.8930951760029895,0.0011698106536641717,,,0.0001
115637,614,0.0,1.67,0.8929825539895611,0.004050964955240488,,,0.0001
115872,615,2.0,1.69,0.8927774271927162,0.0023042657412588596,,,0.0001
115998,616,0.0,1.67,0.8926674641647061,0.011551696807146072,,,0.0001
116147,617,0.0,1.67,0.8925374463991097,0.004573846701532602,,,0.0001
116376,618,2.0,1.67,0.8923376582005061,0.013913817703723907,,,0.0001
116536,619,1.0,1.67,0.8921980953405205,0.005824330262839794,,,0.0001
116821,620,4.0,1.68,0.8919495543021287,0.009237689897418022,,,0.0001
116952,621,0.0,1.66,0.8918353363919517,0.006010101642459631,,,0.0001
117077,622,0.0,1.62,0.8917263637858325,0.008587032556533813,,,0.0001
117261,623,1.0,1.63,0.8915659808905747,0.0023689130321145058,,,0.0001
117584,624,4.0,1.67,0.8912845105386561,0.0032736677676439285,,,0.0001
117792,625,2.0,1.67,0.8911033022067838,0.0047211842611432076,,,0.0001
118006,626,2.0,1.68,0.8909169060452122,0.016669750213623047,,,0.0001
118184,627,1.0,1.67,0.8907618966321832,0.006634133867919445,,,0.0001
118464,628,4.0,1.68,0.890518117431807,0.007038970943540335,,,0.0001
118646,629,1.0,1.68,0.8903596975510808,0.005516334902495146,,,0.0001
118778,630,0.0,1.66,0.890244817653244,0.005418070126324892,,,0.0001
118982,631,2.0,1.68,0.8900673058172657,0.006913997232913971,,,0.0001
119109,632,0.0,1.64,0.8899568142857877,0.006340513005852699,,,0.0001
119310,633,2.0,1.65,0.8897819705385015,0.013124838471412659,,,0.0001
119549,634,3.0,1.68,0.8895741174869719,0.008509425446391106,,,0.0001
119844,635,5.0,1.71,0.8893176309559365,0.0022092496510595083,,,0.0001
120066,636,3.0,1.73,0.8891246638620043,0.004152249079197645,,,0.0001
120201,637,0.0,1.7,0.8890073399519252,0.008330585435032845,,,0.0001
120335,638,0.0,1.69,0.888890900769971,0.013265629298985004,,,0.0001
120585,639,3.0,1.67,0.8886737051953565,0.00729677639901638,,,0.0001
120820,640,3.0,1.68,0.8884695908590095,0.010928090661764145,,,0.0001
121074,641,3.0,1.69,0.8882490275956516,0.013811996206641197,,,0.0001
121198,642,0.0,1.68,0.8881413713910523,0.01320701465010643,,,0.0001
121406,643,2.0,1.7,0.8879608167641351,0.001870346488431096,,,0.0001
121537,644,0.0,1.69,0.8878471213443516,0.004653561860322952,,,0.0001
121772,645,3.0,1.72,0.8876432012323874,0.0031517809256911278,,,0.0001
121957,646,1.0,1.71,0.887482702086788,0.007447096984833479,,,0.0001
122097,647,0.0,1.71,0.8873612630094296,0.016720924526453018,,,0.0001
122368,648,3.0,1.73,0.8871262399542165,0.01466506440192461,,,0.0001
122575,649,2.0,1.74,0.8869467633990102,0.011305923573672771,,,0.0001
122847,650,3.0,1.76,0.8867109859465528,0.015743769705295563,,,0.0001
123061,651,2.0,1.75,0.8865255296400929,0.013062374666333199,,,0.0001
123297,652,3.0,1.77,0.8863210537442026,0.0022172776516526937,,,0.0001
123578,653,4.0,1.81,0.8860776517276854,0.01253616251051426,,,0.0001
123885,654,5.0,1.86,0.885811806697905,0.0046858228743076324,,,0.0001
124014,655,0.0,1.83,0.8857001241785183,0.019428184255957603,,,0.0001
124167,656,1.0,1.82,0.8855676821915893,0.016428448259830475,,,0.0001
124374,657,2.0,1.81,0.885388528224451,0.03260338306427002,,,0.0001
124604,658,3.0,1.84,0.8851895117507312,0.006362194195389748,,,0.0001
124873,659,3.0,1.86,0.8849568070722529,0.004653768613934517,,,0.0001
125000,659,,,0.8848469645329036,,1.9,1.374772708486752,0.0001
125001,660,1.0,1.82,0.8848460996863714,0.009652693755924702,,,0.0001
125296,661,3.0,1.83,0.8845910077148796,0.016355816274881363,,,0.0001
125510,662,2.0,1.85,0.8844060050352214,0.00970324408262968,,,0.0001
125642,663,0.0,1.83,0.8842919109729306,0.011817540042102337,,,0.0001
125904,664,3.0,1.84,0.8840654961538922,0.014812535606324673,,,0.0001
126047,665,0.0,1.83,0.8839419436221586,0.016057634726166725,,,0.0001
126398,666,5.0,1.88,0.8836387532129768,0.00835577491670847,,,0.0001
126626,667,2.0,1.86,0.8834418660232369,0.018968163058161736,,,0.0001
126768,668,0.0,1.84,0.8833192659830704,0.021175971254706383,,,0.0001
127098,669,5.0,1.89,0.8830344176278596,0.016066502779722214,,,0.0001
127380,670,4.0,1.9,0.8827910762348377,0.007440308574587107,,,0.0001
127551,671,1.0,1.9,0.8826435515745195,0.0032724146731197834,,,0.0001
127817,672,3.0,1.91,0.8824141189056983,0.011756531894207,,,0.0001
127994,673,1.0,1.9,0.8822614851151409,0.009728245437145233,,,0.0001
128266,674,3.0,1.92,0.8820269818850748,0.027897868305444717,,,0.0001
128632,675,6.0,1.96,0.8817115377395048,0.010965527966618538,,,0.0001
128847,676,2.0,1.98,0.8815262896737714,0.015883371233940125,,,0.0001
129018,677,1.0,1.98,0.8813789812734644,0.003891147905960679,,,0.0001
129179,678,1.0,1.99,0.8812403104207825,0.01166455913335085,,,0.0001
129334,679,1.0,1.96,0.881106828517782,0.0055205486714839935,,,0.0001
129466,680,0.0,1.96,0.8809931699180503,0.011107563972473145,,,0.0001
129653,681,1.0,1.94,0.8808321792483724,0.04601197689771652,,,0.0001
130018,682,5.0,1.95,0.8805180328381542,0.012855383567512035,,,0.0001
130227,683,2.0,1.94,0.8803382033621259,0.007980380207300186,,,0.0001
130351,684,0.0,1.92,0.8802315280389157,0.012372983619570732,,,0.0001
130563,685,2.0,1.91,0.8800491782847284,0.0355437770485878,,,0.0001
130719,686,1.0,1.91,0.8799150210774502,0.017226122319698334,,,0.0001
130851,687,0.0,1.9,0.879801519785918,0.037006258964538574,,,0.0001
130983,688,0.0,1.9,0.8796880334755676,0.02489319071173668,,,0.0001
131121,689,0.0,1.88,0.8795694047125209,0.007538417354226112,,,0.0001
131337,690,2.0,1.89,0.8793837577716944,0.010133553296327591,,,0.0001
131542,691,2.0,1.84,0.8792076021579185,0.007803718093782663,,,0.0001
131722,692,1.0,1.83,0.8790529587078582,0.020273366943001747,,,0.0001
131914,693,1.0,1.81,0.878888036372837,0.01876172237098217,,,0.0001
132146,694,3.0,1.83,0.8786887974610059,0.03681403398513794,,,0.0001
132327,695,1.0,1.83,0.8785333888535687,0.015587115660309792,,,0.0001
132458,696,0.0,1.82,0.878420928345953,0.005543820094317198,,,0.0001
132676,697,2.0,1.82,0.8782338129798896,0.04285215586423874,,,0.0001
132929,698,3.0,1.82,0.8780167072902334,0.023796115070581436,,,0.0001
133094,699,1.0,1.8,0.8778751462126406,0.022193249315023422,,,0.0001
133350,700,3.0,1.81,0.8776555582836643,0.007446316070854664,,,0.0001
133503,701,1.0,1.78,0.8775243470211644,0.02629046142101288,,,0.0001
133640,702,0.0,1.75,0.8774068742326923,0.015559997409582138,,,0.0001
133792,703,1.0,1.74,0.8772765582920713,0.013778290711343288,,,0.0001
133919,704,0.0,1.7,0.8771676910823824,0.023822225630283356,,,0.0001
134051,705,0.0,1.7,0.8770545524144758,0.019235067069530487,,,0.0001
134192,706,0.0,1.7,0.8769337162417358,0.012344381771981716,,,0.0001
134352,707,1.0,1.71,0.8767966178153037,0.007000140845775604,,,0.0001
134512,708,1.0,1.72,0.876659541322865,0.020341457799077034,,,0.0001
134844,709,5.0,1.73,0.8763751775621421,0.012129444628953934,,,0.0001
135078,710,2.0,1.74,0.8761748092146036,0.025031358003616333,,,0.0001
135380,711,4.0,1.76,0.8759162834615744,0.033503856509923935,,,0.0001
135514,712,0.0,1.76,0.8758015983636636,0.04585020989179611,,,0.0001
135747,713,3.0,1.77,0.8756022198197473,0.018008224666118622,,,0.0001
135880,714,0.0,1.77,0.8754884322915496,0.018418941646814346,,,0.0001
136080,715,2.0,1.77,0.8753173517137194,0.028116732835769653,,,0.0001
136300,716,2.0,1.79,0.8751292025935045,0.014954810030758381,,,0.0001
136492,717,2.0,1.81,0.8749650335473392,0.04839412122964859,,,0.0001
136744,718,3.0,1.82,0.8747496095034548,0.030231591314077377,,,0.0001
136906,719,1.0,1.82,0.874611151282134,0.015957586467266083,,,0.0001
137069,720,1.0,1.79,0.8744718610169401,0.042341411113739014,,,0.0001
137210,721,0.0,1.79,0.874351388978015,0.030988920480012894,,,0.0001
137366,722,1.0,1.8,0.8742181205565416,0.036207977682352066,,,0.0001
137584,723,2.0,1.81,0.8740319213027162,0.0035935011692345142,,,0.0001
137721,724,0.0,1.77,0.8739149269437945,0.03455296531319618,,,0.0001
137879,725,1.0,1.76,0.873780019043342,0.025957563892006874,,,0.0001
138115,726,2.0,1.76,0.8735785507330436,0.03120715543627739,,,0.0001
138322,727,2.0,1.77,0.8734018782592737,0.00835223589092493,,,0.0001
138466,728,0.0,1.73,0.8732789972364504,0.012592772953212261,,,0.0001
138809,729,5.0,1.77,0.8729863727283703,0.011509089730679989,,,0.0001
139049,730,3.0,1.8,0.8727816805629579,0.031046591699123383,,,0.0001
139219,731,1.0,1.79,0.8726367199992592,0.05653604492545128,,,0.0001
139380,732,1.0,1.8,0.8724994565373445,0.028190894052386284,,,0.0001
139609,733,3.0,1.81,0.8723042565130533,0.027340438216924667,,,0.0001
139942,734,5.0,1.83,0.8720204864459729,0.02513130009174347,,,0.0001
140102,735,1.0,1.79,0.8718841740734221,0.04280887544155121,,,0.0001
140284,736,1.0,1.77,0.8717291452617905,0.06054583191871643,,,0.0001
140640,737,6.0,1.83,0.8714259836520456,0.0314391665160656,,,0.0001
140879,738,3.0,1.86,0.8712225171571674,0.06262627243995667,,,0.0001
